culture,question_id,topic
Iran,Al-en-01,Food
Iran,Al-en-09,Food
Iran,Al-en-16,Education
Iran,Al-en-17,Education
Iran,Al-en-18,Education
Iran,Al-en-19,Education
Iran,Al-en-21,Education
Iran,Al-en-34,Holidays/Celebration/Leisure
Iran,Al-en-40,Holidays/Celebration/Leisure
Iran,Jo-sp-01,Sport
Iran,Jo-sp-13,Sport
Iran,Jo-sp-14,Sport
Azerbaijan,Al-en-02,Food
Azerbaijan,Al-en-04,Food
Azerbaijan,Al-en-17,Education
Azerbaijan,Al-en-18,Education
Azerbaijan,Al-en-21,Education
Azerbaijan,Al-en-39,Holidays/Celebration/Leisure
Azerbaijan,Al-en-40,Holidays/Celebration/Leisure
Azerbaijan,Jo-sp-36,Education
Azerbaijan,Jo-sp-39,Education
Azerbaijan,Jod-ch-01,Food
Azerbaijan,Jod-ch-04,Food
